id,number_of_messages,mean_time
0A0,2,0.285714
128,4,0.228571
308,4,0.228571
328,4,0.228571
181,29,0.257143
182,30,0.285714
004,33,0.285714
201,33,0.285714
202,33,0.285714
224,33,0.285714
368,4,0.228571
388,4,0.228571
3A8,4,0.228571
008,34,0.285714
025,42,0.285714
109,4,0.228571
430,2,0.142857
32A,1,0
30A,1,0
227,7,0.228571
207,7,0.228571
305,7,0.228571
325,7,0.228571
046,4,0.2
204,4,0.2
005,3,0.0285714
345,3,0.142857
3C8,1,0
461,1,0
348,1,0
108,1,0
247,1,0
007,1,0
307,1,0
441,1,0
